[{"DAY": "<td><span class="pc">Tuesday</span><span class="mobile_text">Tue</span></td>","DATE": "Jan 01, 2019Jan 01","HOLIDAY": "New Year's Day"},{"DAY": "<td><span class="pc">Monday</span><span class="mobile_text">Mon</span></td>","DATE": "Jan 14, 2019Jan 14","HOLIDAY": "Makar Sankranti / Pongal"},{"DAY": "<td><span class="pc">Saturday</span><span class="mobile_text">Sat</span></td>","DATE": "Jan 26, 2019Jan 26","HOLIDAY": "Republic Day"},{"DAY": "<td><span class="pc">Monday</span><span class="mobile_text">Mon</span></td>","DATE": "Mar 04, 2019Mar 04","HOLIDAY": "Maha Shivaratri"},{"DAY": "<td><span class="pc">Thursday</span><span class="mobile_text">Thu</span></td>","DATE": "Mar 21, 2019Mar 21","HOLIDAY": "Holi"},{"DAY": "<td><span class="pc">Saturday</span><span class="mobile_text">Sat</span></td>","DATE": "Apr 06, 2019Apr 06","HOLIDAY": "Ugadi / Gudi Padwa"},{"DAY": "<td><span class="pc">Saturday</span><span class="mobile_text">Sat</span></td>","DATE": "Apr 13, 2019Apr 13","HOLIDAY": "Ram Navami"},{"DAY": "<td><span class="pc">Wednesday</span><span class="mobile_text">Wed</span></td>","DATE": "Apr 17, 2019Apr 17","HOLIDAY": "Mahavir Jayanti"},{"DAY": "<td><span class="pc">Friday</span><span class="mobile_text">Fri</span></td>","DATE": "Apr 19, 2019Apr 19","HOLIDAY": "Good Friday"},{"DAY": "<td><span class="pc">Wednesday</span><span class="mobile_text">Wed</span></td>","DATE": "May 01, 2019May 01","HOLIDAY": "Labor Day"},{"DAY": "<td><span class="pc">Saturday</span><span class="mobile_text">Sat</span></td>","DATE": "May 18, 2019May 18","HOLIDAY": "Budhha Purnima"},{"DAY": "<td><span class="pc">Wednesday</span><span class="mobile_text">Wed</span></td>","DATE": "Jun 05, 2019Jun 05","HOLIDAY": "Eid-ul-Fitar"},{"DAY": "<td><span class="pc">Thursday</span><span class="mobile_text">Thu</span></td>","DATE": "Jul 04, 2019Jul 04","HOLIDAY": "Rath Yatra"},{"DAY": "<td><span class="pc">Monday</span><span class="mobile_text">Mon</span></td>","DATE": "Aug 12, 2019Aug 12","HOLIDAY": "Bakri Id / Eid ul-Adha"},{"DAY": "<td><span class="pc">Thursday</span><span class="mobile_text">Thu</span></td>","DATE": "Aug 15, 2019Aug 15","HOLIDAY": "Raksha Bandhan"},{"DAY": "<td><span class="pc">Thursday</span><span class="mobile_text">Thu</span></td>","DATE": "Aug 15, 2019Aug 15","HOLIDAY": "Independence Day"},{"DAY": "<td><span class="pc">Saturday</span><span class="mobile_text">Sat</span></td>","DATE": "Aug 24, 2019Aug 24","HOLIDAY": "Janmashtami"},{"DAY": "<td><span class="pc">Monday</span><span class="mobile_text">Mon</span></td>","DATE": "Sep 02, 2019Sep 02","HOLIDAY": "Vinayaka Chaturthi"},{"DAY": "<td><span class="pc">Tuesday</span><span class="mobile_text">Tue</span></td>","DATE": "Sep 10, 2019Sep 10","HOLIDAY": "Muharram"},{"DAY": "<td><span class="pc">Wednesday</span><span class="mobile_text">Wed</span></td>","DATE": "Sep 11, 2019Sep 11","HOLIDAY": "Onam"},{"DAY": "<td><span class="pc">Wednesday</span><span class="mobile_text">Wed</span></td>","DATE": "Oct 02, 2019Oct 02","HOLIDAY": "Mathatma Gandhi Jayanti"},{"DAY": "<td><span class="pc">Tuesday</span><span class="mobile_text">Tue</span></td>","DATE": "Oct 08, 2019Oct 08","HOLIDAY": "Dussehra / Dasara"},{"DAY": "<td><span class="pc">Sunday</span><span class="mobile_text">Sun</span></td>","DATE": "Oct 27, 2019Oct 27","HOLIDAY": "Diwali / Deepavali"},{"DAY": "<td><span class="pc">Sunday</span><span class="mobile_text">Sun</span></td>","DATE": "Nov 10, 2019Nov 10","HOLIDAY": "Milad un Nabi"},{"DAY": "<td><span class="pc">Tuesday</span><span class="mobile_text">Tue</span></td>","DATE": "Nov 12, 2019Nov 12","HOLIDAY": "Guru Nanak's Birthday"},{"DAY": "<td><span class="pc">Wednesday</span><span class="mobile_text">Wed</span></td>","DATE": "Dec 25, 2019Dec 25","HOLIDAY": "Christmas"},]